<?xml version="1.0" encoding="UTF-8" standalone="no"?>
<feature id="org.wso2.carbon.databridge.commons.thrift.server" label="WSO2 Carbon - Data Bridge - Thrift Commons Server Feature" provider-name="%providerName" version="1.0.0.SNAPSHOT">
  <description>WSO2 is an open source application development software company focused on providing service-oriented
        architecture solutions for professional developers.</description>
  <copyright>%copyright</copyright>
  <license url="%licenseURL">%license</license>
  <plugin id="libthrift" unpack="false" version="0.7.0.wso2v2"/>
  <plugin id="org.wso2.carbon.databridge.commons.thrift" unpack="false" version="1.0.0.SNAPSHOT"/>
  <plugin id="slf4j.api" unpack="false" version="1.7.5"/>
  <plugin id="slf4j.log4j12" unpack="false" version="1.7.5"/>
  <require>
    <import feature="org.wso2.carbon.databridge.commons.server" match="equivalent" version="1.0.0.SNAPSHOT"/>
    <import feature="org.wso2.carbon.core.server" match="equivalent" version="4.3.0"/>
  </require>
</feature>
