<?xml version="1.0" encoding="UTF-8" standalone="no"?>
<feature id="org.wso2.carbon.event.stream.server" label="WSO2 Carbon - Event Stream Server Feature" provider-name="%providerName" version="1.0.0.SNAPSHOT">
  <description>This feature contains the core bundles required for Back-end Event Stream functionality</description>
  <copyright>%copyright</copyright>
  <license url="%licenseURL">%license</license>
  <plugin id="org.wso2.carbon.event.stream.admin" unpack="false" version="1.0.0.SNAPSHOT"/>
  <plugin id="org.wso2.carbon.event.stream.core" unpack="false" version="1.0.0.SNAPSHOT"/>
  <require>
    <import feature="org.wso2.carbon.core.server" match="equivalent" version="4.3.0"/>
  </require>
</feature>
