<?xml version="1.0" encoding="UTF-8" standalone="no"?>
<feature id="org.wso2.carbon.databridge.core.server" label="WSO2 Carbon - Data Bridge - Core Server Feature" provider-name="%providerName" version="1.0.0.SNAPSHOT">
  <description>This feature contains the bundles required for the core engine of the data bridge</description>
  <copyright>%copyright</copyright>
  <license url="%licenseURL">%license</license>
  <plugin id="com.google.guava" unpack="false" version="13.0.1"/>
  <plugin id="org.wso2.carbon.databridge.core" unpack="false" version="1.0.0.SNAPSHOT"/>
  <plugin id="org.wso2.carbon.identity.authentication" unpack="false" version="4.3.4"/>
  <require>
    <import feature="org.wso2.carbon.databridge.commons.server" match="equivalent" version="1.0.0.SNAPSHOT"/>
    <import feature="org.wso2.carbon.core.server" match="equivalent" version="4.3.0"/>
  </require>
</feature>
