<?xml version="1.0" encoding="UTF-8" standalone="no"?>
<feature id="org.wso2.carbon.event.output.adapter.email.server" label="WSO2 Carbon - Event Output Email Adapter Server Feature" provider-name="%providerName" version="1.0.0.SNAPSHOT">
  <description>This feature contains the bundles required for Email Event Adapter functionality</description>
  <copyright>%copyright</copyright>
  <license url="%licenseURL">%license</license>
  <plugin id="org.wso2.carbon.event.output.adapter.email" unpack="false" version="1.0.0.SNAPSHOT"/>
  <plugin id="axis2-transport-mail" unpack="false" version="1.1.0.wso2v10"/>
  <require>
    <import feature="org.wso2.carbon.event.output.adapter.server" match="equivalent" version="1.0.0.SNAPSHOT"/>
    <import feature="org.wso2.carbon.core.server" match="equivalent" version="4.3.0"/>
  </require>
</feature>
