<?xml version="1.0" encoding="UTF-8" standalone="no"?>
<feature id="org.wso2.carbon.databridge.datapublisher" label="WSO2 Carbon - Data Bridge - Data Publisher Aggregate Feature" provider-name="%providerName" version="1.0.0.SNAPSHOT">
  <description>WSO2 is an open source application development software company focused on providing service-oriented
        architecture solutions for professional developers.</description>
  <copyright>%copyright</copyright>
  <license url="%licenseURL">%license</license>
  <require>
    <import feature="org.wso2.carbon.core" match="equivalent" version="4.3.0"/>
  </require>
  <includes id="org.wso2.carbon.databridge.commons.server" optional="false" version="1.0.0.SNAPSHOT"/>
  <includes id="org.wso2.carbon.databridge.commons.thrift.server" optional="false" version="1.0.0.SNAPSHOT"/>
  <includes id="org.wso2.carbon.databridge.commons.binary.server" optional="false" version="1.0.0.SNAPSHOT"/>
  <includes id="org.wso2.carbon.databridge.agent.server" optional="false" version="1.0.0.SNAPSHOT"/>
</feature>
